﻿{"cameraMode":{"drawMode":0,"name":"Shaded","section":"Shading Mode"},"sceneLighting":false,"audioPlay":false,"sceneViewState":{"showFog":true,"showMaterialUpdate":false,"showSkybox":true,"showFlares":true,"showImageEffects":true,"showParticleSystems":true},"in2DMode":false,"pivot":{"x":-46.037532806396487,"y":13.349413871765137,"z":37.88368225097656},"rotation":{"x":-0.12319177389144898,"y":0.20737962424755097,"z":-0.026334039866924287,"w":-0.9701154828071594},"size":8.335009574890137,"orthographic":false}