﻿{"cameraMode":{"drawMode":0,"name":"Shaded","section":"Shading Mode"},"sceneLighting":false,"audioPlay":false,"sceneViewState":{"showFog":true,"showMaterialUpdate":false,"showSkybox":true,"showFlares":true,"showImageEffects":true,"showParticleSystems":true},"in2DMode":false,"pivot":{"x":-0.06522250175476074,"y":0.5008135437965393,"z":-0.04185494780540466},"rotation":{"x":-0.15301525592803956,"y":0.18179945647716523,"z":-0.02865045703947544,"w":-0.9709348678588867},"size":2.6898019313812258,"orthographic":false}