﻿{"cameraMode":{"drawMode":0,"name":"Shaded","section":"Shading Mode"},"sceneLighting":false,"audioPlay":false,"sceneViewState":{"showFog":true,"showMaterialUpdate":false,"showSkybox":true,"showFlares":true,"showImageEffects":true,"showParticleSystems":true},"in2DMode":false,"pivot":{"x":11.840250015258789,"y":15.472776412963868,"z":-4.979074954986572},"rotation":{"x":-0.022023558616638185,"y":0.4231874644756317,"z":-0.01028717402368784,"w":-0.905716061592102},"size":6.291372299194336,"orthographic":false}