﻿{"cameraMode":{"drawMode":0,"name":"Shaded","section":"Shading Mode"},"sceneLighting":false,"audioPlay":false,"sceneViewState":{"showFog":true,"showMaterialUpdate":false,"showSkybox":true,"showFlares":true,"showImageEffects":true,"showParticleSystems":true},"in2DMode":false,"pivot":{"x":-2.3299999237060549,"y":3.7200000286102297,"z":-4.5},"rotation":{"x":-0.2448546588420868,"y":0.15825097262859345,"z":-0.040544528514146808,"w":-0.9556981921195984},"size":10.570359230041504,"orthographic":false}