﻿{"cameraMode":{"drawMode":0,"name":"Shaded","section":"Shading Mode"},"sceneLighting":true,"audioPlay":false,"sceneViewState":{"showFog":true,"showMaterialUpdate":false,"showSkybox":true,"showFlares":true,"showImageEffects":true,"showParticleSystems":true},"in2DMode":false,"pivot":{"x":4.476741790771484,"y":34.13407897949219,"z":1.9648971557617188},"rotation":{"x":-0.13741296529769898,"y":0.16469909250736237,"z":-0.02317553572356701,"w":-0.9764501452445984},"size":70.73888397216797,"orthographic":false}